scramble,target,response,image_category,image_name,image_invert,image_list
True,False,"['match', 925.6533583915336]",city,city_00509.jpg,True,Good
True,False,"['nonmatch', 928.4092126574749]",forest,forests_00543.jpg,False,Bad
True,False,"['nonmatch', 931.2408834438303]",forest,forests_20081106_00052.jpg,False,Good
False,True,"['match', 933.9685103377064]",highway,highways_00402.jpg,True,Good
False,True,"['match', 936.6898383707486]",city,city_00396.jpg,False,Bad
True,False,"['nonmatch', 939.3902973671196]",city,city_00590.jpg,False,Bad
False,True,"['match', 941.9568293192405]",office,offices_00346.jpg,False,Bad
False,True,"['match', 944.5950929939115]",forest,forests_00108.jpg,True,Bad
False,True,"['match', 947.2363872272384]",office,offices_00291.jpg,True,Good
False,True,"['match', 949.8360944852867]",forest,forests_00506.jpg,False,Bad
False,True,"['match', 952.526799328664]",highway,highways_00135.jpg,True,Bad
True,False,"['nonmatch', 955.1431903961184]",city,city_00536.jpg,False,Good
True,False,"['nonmatch', 957.7975636151898]",forest,forests_00197.jpg,True,Good
False,True,"['match', 960.8206577549506]",beach,beaches_00201.jpg,False,Bad
False,True,"['match', 963.7835555140449]",mountain,mountains_00431.jpg,True,Bad
False,True,"['match', 966.403994178858]",city,city_20081106_00061.jpg,False,Good
False,True,"['match', 969.1163151924452]",office,offices_00595.jpg,True,Bad
True,False,"['nonmatch', 971.7305489804647]",highway,highways_00547.jpg,False,Bad
True,False,"['nonmatch', 974.7798445494462]",city,city_20081106_00097.jpg,False,Bad
False,True,"['match', 977.409890960856]",highway,highways_00433.jpg,False,Good
True,False,"['nonmatch', 980.1706344770663]",forest,forests_00538.jpg,False,Bad
True,False,"['nonmatch', 982.7697028938627]",mountain,mountains_00105.jpg,True,Good
True,False,"['match', 985.6569206947944]",city,city_20081106_00028.jpg,True,Good
False,True,"['match', 988.4042740668463]",office,offices_20081106_00051.jpg,True,Good
False,True,"['match', 991.0197814869642]",mountain,mountains_00488.jpg,False,Bad
False,True,"['match', 993.5630674714456]",beach,beaches_00317.jpg,False,Good
False,True,"['match', 996.2630021463373]",city,city_00606.jpg,False,Good
True,False,"['nonmatch', 998.9505407266068]",mountain,mountains_00687.jpg,False,Good
True,False,"['match', 1002.1005029426507]",mountain,mountains_20081106_00051.jpg,False,Bad
False,True,"['match', 1004.7522865094535]",forest,forests_20081106_00015.jpg,True,Good
False,True,"['match', 1009.1243296256691]",forest,forests_00119.jpg,True,Good
True,False,"['nonmatch', 1011.7688175533159]",beach,beaches_00518.jpg,False,Bad
True,False,"['match', 1014.749424133345]",highway,highways_00414.jpg,True,Good
False,True,"['match', 1017.4329065068471]",forest,forests_00434.jpg,False,Bad
False,True,"['match', 1020.1179509523682]",office,offices_20081106_00024.jpg,True,Good
False,True,"['match', 1022.9179690968208]",beach,beaches_00151.jpg,False,Bad
True,False,"['nonmatch', 1025.5559678804627]",office,offices_20081106_00091.jpg,False,Bad
True,False,"['match', 1028.4965129859584]",mountain,mountains_00657.jpg,True,Bad
False,True,"['match', 1031.3914481821462]",mountain,mountains_00484.jpg,True,Bad
True,False,"['nonmatch', 1034.0293253410146]",city,city_00525.jpg,True,Good
False,True,"['match', 1036.620147634785]",office,offices_00628.jpg,True,Good
False,True,"['match', 1039.2000624152058]",highway,highways_00139.jpg,True,Bad
True,False,"['match', 1041.96794412205]",beach,beaches_00514.jpg,True,Bad
False,True,"['match', 1044.5702357265066]",city,city_00518.jpg,False,Bad
True,False,"['nonmatch', 1047.3787691101872]",office,offices_00414.jpg,True,Bad
True,False,"['nonmatch', 1050.007795450019]",beach,beaches_00244.jpg,True,Good
False,True,"['match', 1052.726178417331]",forest,forests_00330.jpg,False,Bad
True,False,"['match', 1055.611170315518]",forest,forests_00528.jpg,True,Bad
True,False,"['nonmatch', 1058.4490361141372]",city,city_00576.jpg,False,Bad
True,False,"['nonmatch', 1061.0474386801848]",city,city_00314.jpg,False,Good
True,False,"['nonmatch', 1063.7085809389348]",office,offices_00612.jpg,True,Good
True,False,"['match', 1066.7759911733845]",beach,beaches_00375.jpg,True,Good
True,False,"['match', 1069.704120126381]",forest,forests_00478.jpg,True,Bad
True,False,"['nonmatch', 1072.341481439847]",forest,forests_00147.jpg,False,Good
False,True,"['match', 1075.0397048747886]",highway,highways_00503.jpg,True,Bad
False,True,"['match', 1077.7107977296878]",mountain,mountains_00178.jpg,True,Good
False,True,"['match', 1080.5091973895085]",office,offices_00120.jpg,True,Good
True,False,"['nonmatch', 1083.2064901926124]",city,city_00231.jpg,True,Good
True,False,"['nonmatch', 1086.0094568112706]",city,city_20081106_00029.jpg,True,Bad
False,True,"['match', 1088.696093912195]",beach,beaches_00185.jpg,True,Good
False,True,"['match', 1092.3767332577008]",office,offices_00370.jpg,False,Bad
True,False,"['nonmatch', 1095.0440342237698]",office,offices_20081106_00085.jpg,True,Good
True,False,"['nonmatch', 1097.792990316253]",forest,forests_00449.jpg,False,Bad
False,True,"['match', 1100.4554588553538]",city,city_00585.jpg,True,Bad
False,True,"['match', 1103.0334478145655]",mountain,mountains_00426.jpg,True,Bad
False,True,"['match', 1105.5432331063244]",highway,highways_00450.jpg,False,Bad
True,False,"['nonmatch', 1109.2994799929156]",beach,beaches_00246.jpg,True,Bad
True,False,"['match', 1112.2669016888663]",city,city_00626.jpg,True,Good
True,False,"['nonmatch', 1115.0880915580076]",beach,beaches_20081106_00021.jpg,False,Good
False,True,"['match', 1117.744647740047]",mountain,mountains_00705.jpg,False,Bad
True,False,"['match', 1120.5510008999045]",mountain,mountains_00125.jpg,False,Good
False,True,"['match', 1123.3035488267492]",mountain,mountains_00752.jpg,False,Good
True,False,"['nonmatch', 1126.2125432585697]",forest,forests_20081106_00088.jpg,False,Good
False,True,"['match', 1128.93388795839]",highway,highways_00541.jpg,True,Good
False,True,"['match', 1131.6586678249914]",city,city_00189.jpg,False,Good
False,True,"['match', 1134.4448343601089]",office,offices_00368.jpg,True,Bad
True,False,"['match', 1137.4719579848556]",highway,highways_00390.jpg,True,Good
True,False,"['nonmatch', 1140.2503360199028]",forest,forests_20081106_00001.jpg,True,Good
False,True,"['match', 1143.0009422630942]",mountain,mountains_00363.jpg,True,Good
False,True,"['match', 1145.6819316176225]",highway,highways_00430.jpg,False,Good
False,True,"['match', 1148.4608767328089]",city,city_20081106_00017.jpg,True,Good
False,True,"['match', 1151.1215336423238]",office,offices_00414.jpg,False,Bad
True,False,"['nonmatch', 1153.8546499916458]",office,offices_00421.jpg,False,Bad
False,True,"['match', 1156.5629218058907]",city,city_00313.jpg,False,Good
True,False,"['nonmatch', 1159.418768000762]",city,city_00349.jpg,False,Good
True,False,"['nonmatch', 1162.2388311728498]",forest,forests_00556.jpg,True,Bad
False,True,"['match', 1165.026426200151]",mountain,mountains_00591.jpg,False,Good
False,True,"['match', 1167.8341253694186]",mountain,mountains_20081106_00063.jpg,False,Good
False,True,"['match', 1170.531920356286]",office,offices_00243.jpg,True,Good
True,False,"['nonmatch', 1173.4161200896228]",city,city_00148.jpg,False,Bad
True,False,"['nonmatch', 1177.1547639807654]",highway,highways_00202.jpg,True,Bad
True,False,"['match', 1180.024108288611]",mountain,mountains_00485.jpg,False,Bad
True,False,"['nonmatch', 1182.6788406056394]",office,offices_20081106_00016.jpg,False,Bad
False,True,"['match', 1185.3836504711717]",beach,beaches_00393.jpg,True,Bad
True,False,"['nonmatch', 1188.026859177488]",office,offices_00136.jpg,False,Bad
True,False,"['nonmatch', 1190.7758705524404]",highway,highways_00450.jpg,True,Bad
False,True,"['match', 1193.3675582909502]",forest,forests_20081106_00078.jpg,False,Bad
True,False,"['nonmatch', 1196.1821445113515]",city,city_00601.jpg,True,Good
True,False,"['nonmatch', 1198.8750634404219]",highway,highways_00536.jpg,False,Bad
True,False,"['nonmatch', 1201.6108812346702]",mountain,mountains_00411.jpg,True,Bad
True,False,"['nonmatch', 1204.290207598896]",city,city_20081106_00039.jpg,False,Bad
True,False,"['nonmatch', 1206.914037862819]",city,city_00165.jpg,False,Bad
False,True,"['match', 1209.8082515448416]",beach,beaches_00268.jpg,True,Good
True,False,"['nonmatch', 1212.5343334217755]",beach,beaches_00571.jpg,True,Bad
True,False,"['match', 1215.472644965815]",forest,forests_00147.jpg,True,Good
True,False,"['nonmatch', 1218.3706260060017]",mountain,mountains_00334.jpg,True,Good
True,False,"['nonmatch', 1221.3024364011842]",forest,forests_00497.jpg,False,Bad
False,True,"['match', 1223.966121613412]",city,city_00201.jpg,False,Good
True,False,"['nonmatch', 1226.7255722322843]",beach,beaches_00355.jpg,False,Good
True,False,"['nonmatch', 1229.4736969073094]",beach,beaches_20081106_00048.jpg,True,Good
False,True,"['match', 1232.2140344109018]",forest,forests_00434.jpg,True,Bad
True,False,"['match', 1234.9460056122891]",forest,forests_20081106_00010.jpg,True,Good
True,False,"['nonmatch', 1237.6724416001123]",forest,forests_00253.jpg,False,Good
False,True,"['match', 1240.5078887443442]",office,offices_00441.jpg,True,Bad
False,True,"['match', 1243.1731426600813]",highway,highways_00585.jpg,False,Good
True,False,"['nonmatch', 1245.9067052590776]",mountain,mountains_00125.jpg,True,Good
True,False,"['match', 1248.7411243495492]",office,offices_00243.jpg,False,Good
False,True,"['match', 1251.4289327380754]",beach,beaches_00289.jpg,True,Bad
True,False,"['match', 1254.5446103697861]",office,offices_00665.jpg,True,Bad
False,True,"['match', 1257.3352527020525]",mountain,mountains_00256.jpg,True,Good
False,True,"['match', 1261.2055277282843]",city,city_00309.jpg,True,Good
False,True,"['match', 1263.9143574949708]",highway,highways_00516.jpg,True,Good
False,True,"['match', 1266.6820275003843]",city,city_00379.jpg,True,Bad
True,False,"['nonmatch', 1269.3948744187212]",mountain,mountains_00472.jpg,False,Bad
True,False,"['match', 1272.1100522686413]",mountain,mountains_00334.jpg,False,Good
True,False,"['nonmatch', 1275.0118719843344]",beach,beaches_00586.jpg,True,Bad
False,True,"['match', 1277.7053214480006]",forest,forests_00538.jpg,True,Bad
False,True,"['match', 1280.3083415663616]",city,city_00401.jpg,True,Bad
True,False,"['match', 1282.9811313108596]",mountain,mountains_20081106_00069.jpg,True,Good
True,False,"['match', 1285.6014000257308]",office,offices_00539.jpg,False,Bad
True,False,"['match', 1288.2628599019563]",forest,forests_00380.jpg,True,Good
False,True,"['match', 1290.8686358254192]",beach,beaches_00275.jpg,False,Bad
False,True,"['match', 1293.4633098197519]",city,city_20081106_00003.jpg,True,Good
True,False,"['nonmatch', 1296.2045216247736]",highway,highways_00394.jpg,False,Good
True,False,"['nonmatch', 1298.9000024821723]",city,city_20081106_00003.jpg,False,Good
True,False,"['nonmatch', 1301.667993793901]",office,offices_00364.jpg,True,Bad
False,True,"['match', 1304.3433722533366]",highway,highways_00618.jpg,False,Bad
False,True,"['match', 1307.0658804711047]",highway,highways_20081106_00093.jpg,False,Good
False,True,"['match', 1309.8150507715854]",forest,forests_00556.jpg,False,Bad
True,False,"['match', 1312.5602142704859]",highway,highways_00146.jpg,True,Good
False,True,"['match', 1315.2554508430965]",beach,beaches_00226.jpg,True,Bad
False,True,"['match', 1318.0856436238112]",mountain,mountains_00504.jpg,False,Bad
False,True,"['match', 1320.7307554579054]",forest,forests_20081106_00005.jpg,False,Good
True,False,"['match', 1323.4895247876386]",forest,forests_00230.jpg,True,Bad
False,True,"['match', 1326.1879400345526]",mountain,mountains_00192.jpg,False,Bad
False,True,"['match', 1328.8331525663818]",highway,highways_00146.jpg,False,Good
True,False,"['nonmatch', 1331.5442948134362]",mountain,mountains_00339.jpg,True,Good
False,True,"['match', 1334.2700907667065]",mountain,mountains_00107.jpg,False,Good
False,True,"['match', 1336.9350758188696]",office,offices_00625.jpg,False,Good
False,True,"['match', 1339.5572848436445]",mountain,mountains_00128.jpg,True,Bad
False,True,"['match', 1343.2844375149539]",city,city_00364.jpg,False,Bad
False,True,"['match', 1345.8916171940893]",city,city_00317.jpg,True,Good
True,False,"['match', 1348.4922696298129]",mountain,mountains_00433.jpg,False,Bad
True,False,"['nonmatch', 1351.245322006055]",forest,forests_00605.jpg,False,Bad
True,False,"['nonmatch', 1354.0357464515093]",office,offices_00629.jpg,True,Good
False,True,"['match', 1356.7048605385392]",beach,beaches_00447.jpg,True,Bad
False,True,"['match', 1359.337808058706]",office,offices_00626.jpg,True,Good
True,False,"['match', 1361.9272500805337]",mountain,mountains_00207.jpg,False,Bad
False,True,"['match', 1364.4805573118488]",mountain,mountains_00220.jpg,True,Good
False,True,"['match', 1367.112926855113]",mountain,mountains_00730.jpg,True,Bad
False,True,"['match', 1369.7257284891764]",city,city_00331.jpg,True,Bad
True,False,"['match', 1372.6535145398223]",mountain,mountains_20081106_00075.jpg,True,Good
True,False,"['nonmatch', 1375.307605576868]",forest,forests_00336.jpg,False,Bad
True,False,"['nonmatch', 1377.9887125060984]",mountain,mountains_20081106_00049.jpg,False,Good
False,True,"['match', 1380.8170651637072]",highway,highways_00323.jpg,False,Good
True,False,"['match', 1383.5548563554705]",mountain,mountains_00195.jpg,False,Good
False,True,"['match', 1385.9535633829455]",forest,forests_00168.jpg,True,Bad
True,False,"['nonmatch', 1389.0687963188461]",city,city_00201.jpg,True,Good
False,True,"['match', 1391.9112390664786]",office,offices_00421.jpg,True,Bad
False,True,"['match', 1394.7024683332554]",beach,beaches_00369.jpg,True,Good
False,True,"['match', 1397.3271461367267]",highway,highways_00259.jpg,False,Bad
True,False,"['nonmatch', 1400.112083520354]",city,city_00498.jpg,False,Bad
True,False,"['nonmatch', 1402.7268176024381]",beach,beaches_20081106_00066.jpg,True,Good
False,True,"['match', 1405.3731705928742]",mountain,mountains_00502.jpg,False,Bad
True,False,"['nonmatch', 1407.9889479241715]",city,city_20081106_00044.jpg,True,Bad
True,False,"['nonmatch', 1410.5842594962808]",mountain,mountains_20081106_00075.jpg,False,Good
False,True,"['match', 1413.2718765891182]",forest,forests_20081106_00063.jpg,False,Good
True,False,"['nonmatch', 1415.9497378902204]",highway,highways_00437.jpg,True,Bad
False,True,"['match', 1418.5773380409285]",mountain,mountains_00106.jpg,False,Good
False,True,"['match', 1421.1579600700409]",highway,highways_00375.jpg,True,Good
False,True,"['match', 1424.7888516771707]",beach,beaches_00451.jpg,True,Bad
False,True,"['nonmatch', 1427.6111470276087]",beach,beaches_00504.jpg,False,Bad
False,True,"['match', 1430.3062584563615]",beach,beaches_00178.jpg,False,Good
False,True,"['match', 1432.8748238747019]",forest,forests_00490.jpg,False,Bad
False,True,"['match', 1435.5146429247395]",city,city_00454.jpg,False,Bad
True,False,"['nonmatch', 1438.2186130698337]",city,city_00318.jpg,True,Bad
True,False,"['nonmatch', 1440.8471040380412]",forest,forests_20081106_00100.jpg,False,Good
True,False,"['nonmatch', 1443.4307741971702]",office,offices_00676.jpg,False,Good
True,False,"['nonmatch', 1446.0580640335634]",city,city_00189.jpg,True,Good
False,True,"['match', 1448.844035989828]",city,city_00133.jpg,True,Bad
False,True,"['match', 1451.433233443162]",office,offices_20081106_00087.jpg,True,Good
False,True,"['match', 1453.9883297359434]",city,city_00301.jpg,False,Good
False,True,"['match', 1456.529348146725]",mountain,mountains_00752.jpg,True,Good
False,True,"['match', 1459.0790353639384]",highway,highways_00254.jpg,True,Good
False,True,"['match', 1461.6213649652134]",highway,highways_00388.jpg,False,Bad
False,True,"['match', 1464.1683736016896]",mountain,mountains_00718.jpg,True,Good
True,False,"['nonmatch', 1466.7810311377625]",mountain,mountains_00741.jpg,False,Bad
False,True,"['match', 1469.5253588911091]",city,city_00294.jpg,False,Good
True,False,"['nonmatch', 1472.2510096509989]",office,offices_20081106_00003.jpg,False,Good
True,False,"['nonmatch', 1475.114702227205]",office,offices_20081106_00092.jpg,False,Bad
False,True,"['match', 1477.7842751328303]",forest,forests_20081106_00012.jpg,True,Good
False,True,"['match', 1480.3540292119737]",office,offices_00627.jpg,True,Good
False,True,"['match', 1482.8930371560614]",office,offices_00402.jpg,False,Bad
False,True,"['match', 1485.6197109522345]",forest,forests_20081106_00023.jpg,False,Good
False,True,"['match', 1488.2129014903728]",office,offices_20081106_00070.jpg,True,Good
True,False,"['nonmatch', 1490.8339991766193]",beach,beaches_00154.jpg,True,Good
False,True,"['match', 1493.4437757309843]",beach,beaches_00439.jpg,False,Bad
False,True,"['match', 1495.9728881605593]",forest,forests_00125.jpg,False,Good
True,False,"['nonmatch', 1498.786486321319]",forest,forests_00490.jpg,True,Bad
False,True,"['match', 1501.3552651703903]",highway,highways_00300.jpg,False,Good
True,False,"['nonmatch', 1505.0460737487217]",beach,beaches_00275.jpg,True,Bad
False,True,"['match', 1507.6045915496534]",beach,beaches_00514.jpg,False,Bad
True,False,"['nonmatch', 1510.2409937681703]",beach,beaches_20081106_00009.jpg,False,Good
False,True,"['match', 1512.7846285022088]",mountain,mountains_00106.jpg,True,Good
True,False,"['nonmatch', 1515.4288211806693]",beach,beaches_00504.jpg,True,Bad
True,False,"['nonmatch', 1518.0676560858]",beach,beaches_00251.jpg,False,Good
False,True,"['match', 1520.7049661367935]",mountain,mountains_00257.jpg,False,Good
False,True,"['match', 1523.2515725707926]",office,offices_00136.jpg,True,Bad
True,False,"['nonmatch', 1525.8613590498373]",forest,forests_00194.jpg,True,Good
False,True,"['match', 1528.4807771167636]",mountain,mountains_00256.jpg,False,Good
False,True,"['match', 1530.9901417327756]",highway,highways_00618.jpg,True,Bad
False,True,"['match', 1533.5614993193074]",mountain,mountains_00192.jpg,True,Bad
False,True,"['match', 1536.097375801493]",beach,beaches_00146.jpg,True,Bad
True,False,"['nonmatch', 1539.1005666283493]",office,offices_00607.jpg,False,Good
True,False,"['nonmatch', 1541.7100346982832]",highway,highways_00365.jpg,True,Bad
True,False,"['nonmatch', 1544.364136945538]",city,city_00377.jpg,False,Bad
True,False,"['nonmatch', 1546.955745309336]",mountain,mountains_00257.jpg,True,Good
False,True,"['match', 1549.8973987385298]",city,city_20081106_00028.jpg,False,Good
False,True,"['match', 1552.438291371544]",office,offices_00184.jpg,False,Good
True,False,"['nonmatch', 1555.1254820991533]",beach,beaches_00249.jpg,True,Good
False,True,"['match', 1557.753404696345]",mountain,mountains_00105.jpg,False,Good
True,False,"['match', 1560.605616135791]",city,city_00472.jpg,False,Bad
True,False,"['nonmatch', 1563.4126452037399]",highway,highways_00428.jpg,True,Good
True,False,"['match', 1566.0726936101105]",forest,forests_00267.jpg,False,Good
True,False,"['nonmatch', 1569.1231085526008]",highway,highways_00416.jpg,True,Good
False,True,"['match', 1571.8131217410628]",forest,forests_20081106_00010.jpg,False,Good
False,True,"['match', 1574.5517822872878]",beach,beaches_00398.jpg,True,Good
False,True,"['match', 1577.2069313753534]",beach,beaches_00408.jpg,False,Good
True,False,"['nonmatch', 1579.9446439516264]",mountain,mountains_00178.jpg,False,Good
False,True,"['match', 1582.618682651861]",beach,beaches_00362.jpg,False,Good
True,False,"['match', 1586.4794583718178]",office,offices_00473.jpg,False,Good
False,True,"['match', 1589.1049823320657]",city,city_00377.jpg,True,Bad
False,True,"['match', 1591.6749922022764]",mountain,mountains_00207.jpg,True,Bad
False,True,"['match', 1594.2091279986232]",office,offices_00422.jpg,False,Bad
True,False,"['nonmatch', 1596.9939763231234]",highway,highways_00430.jpg,True,Good
True,False,"['nonmatch', 1599.861704627173]",mountain,mountains_00657.jpg,False,Bad
False,True,"['match', 1602.5580542625996]",highway,highways_00322.jpg,False,Good
False,True,"['match', 1605.2493124245625]",forest,forests_00334.jpg,True,Good
True,False,"['nonmatch', 1608.064667559331]",highway,highways_00323.jpg,True,Good
False,True,"['match', 1610.7714355741277]",office,offices_00165.jpg,True,Bad
True,False,"['match', 1613.7521799895742]",beach,beaches_00463.jpg,True,Bad
True,False,"['nonmatch', 1616.4963595343754]",beach,beaches_00179.jpg,False,Good
False,True,"['match', 1619.1107071905471]",highway,highways_00585.jpg,True,Good
True,False,"['match', 1621.9783008551265]",mountain,mountains_00555.jpg,True,Good
False,True,"['match', 1624.576697711643]",city,city_20081106_00008.jpg,True,Good
True,False,"['nonmatch', 1627.3059405314548]",mountain,mountains_00118.jpg,True,Bad
False,True,"['match', 1629.8910558164637]",city,city_20081106_00008.jpg,False,Good
True,False,"['match', 1632.5702314508744]",forest,forests_00460.jpg,True,Bad
False,True,"['match', 1635.1525913865812]",office,offices_00346.jpg,True,Bad
True,False,"['match', 1637.783577920763]",highway,highways_00512.jpg,True,Bad
True,False,"['match', 1640.5185773075716]",city,city_00428.jpg,True,Bad
True,False,"['nonmatch', 1643.2150603621005]",city,city_00178.jpg,True,Bad
True,False,"['nonmatch', 1645.872877552514]",city,city_00331.jpg,False,Bad
True,False,"['match', 1648.807296338896]",office,offices_00308.jpg,False,Bad
False,True,"['match', 1651.5915610394513]",mountain,mountains_00656.jpg,False,Good
False,True,"['match', 1654.3846403192606]",mountain,mountains_00351.jpg,False,Good
False,True,"['match', 1657.151043411617]",mountain,mountains_00195.jpg,True,Good
True,False,"['match', 1659.8315907215945]",forest,forests_20081106_00096.jpg,False,Bad
False,True,"['match', 1662.583688481357]",city,city_00168.jpg,True,Bad
True,False,"['nonmatch', 1665.3995665715413]",highway,highways_00593.jpg,True,Bad
True,False,"['nonmatch', 1669.1554208792531]",beach,beaches_00181.jpg,False,Good
True,False,"['match', 1672.0442289095552]",office,offices_00650.jpg,False,Bad
False,True,"['match', 1674.7595347049664]",forest,forests_00420.jpg,True,Bad
True,False,"['nonmatch', 1677.4713339079844]",mountain,mountains_00198.jpg,True,Good
True,False,"['nonmatch', 1680.0888072968114]",beach,beaches_20081106_00037.jpg,True,Bad
True,False,"['nonmatch', 1682.9161640683164]",beach,beaches_20081106_00053.jpg,True,Good
False,True,"['match', 1685.5903992197264]",highway,highways_00248.jpg,True,Bad
True,False,"['nonmatch', 1688.2449036046303]",office,offices_00678.jpg,False,Good
True,False,"['nonmatch', 1690.9190696468552]",mountain,mountains_00580.jpg,False,Bad
False,True,"['match', 1693.5567212020558]",city,city_00532.jpg,True,Good
True,False,"['nonmatch', 1696.231329005126]",city,city_00337.jpg,False,Bad
True,False,"['nonmatch', 1698.8388729778048]",mountain,mountains_00734.jpg,False,Bad
False,True,"['match', 1701.5066796460533]",mountain,mountains_00387.jpg,True,Bad
True,False,"['nonmatch', 1704.361616670454]",city,city_00309.jpg,False,Good
False,True,"['match', 1707.0768202841066]",office,offices_00643.jpg,False,Good
True,False,"['nonmatch', 1709.8015636877035]",office,offices_00434.jpg,False,Bad
True,False,"['nonmatch', 1712.5409274048134]",forest,forests_20081106_00009.jpg,False,Good
True,False,"['nonmatch', 1715.192296170143]",forest,forests_00318.jpg,False,Bad
False,True,"['match', 1717.8224957948767]",highway,highways_00220.jpg,False,Good
True,False,"['nonmatch', 1720.4195614688526]",beach,beaches_00571.jpg,False,Bad
True,False,"['nonmatch', 1723.0608558602391]",beach,beaches_00266.jpg,True,Good
False,True,"['match', 1725.6084334361447]",beach,beaches_00185.jpg,False,Good
True,False,"['nonmatch', 1728.2128350301082]",forest,forests_00520.jpg,True,Bad
True,False,"['nonmatch', 1730.7705321776818]",mountain,mountains_00707.jpg,True,Bad
False,True,"['match', 1733.3692135921324]",beach,beaches_00517.jpg,False,Bad
False,True,"['match', 1736.254470679757]",beach,beaches_00309.jpg,True,Bad
False,True,"['match', 1738.821773964926]",highway,highways_00199.jpg,True,Good
False,True,"['match', 1741.4080462416543]",beach,beaches_00161.jpg,False,Good
False,True,"['match', 1743.9703060804534]",beach,beaches_20081106_00066.jpg,False,Good
True,False,"['nonmatch', 1746.6003526823367]",office,offices_20081106_00087.jpg,False,Good
True,False,"['nonmatch', 1750.2173724521645]",mountain,mountains_00614.jpg,False,Good
True,False,"['nonmatch', 1752.8078529864263]",beach,beaches_00154.jpg,False,Good
True,False,"['nonmatch', 1755.3489988641757]",city,city_00606.jpg,True,Good
True,False,"['nonmatch', 1757.9481858458032]",office,offices_00406.jpg,False,Bad
False,True,"['nonmatch', 1760.590334090104]",forest,forests_00605.jpg,True,Bad
True,False,"['nonmatch', 1763.2158466446563]",city,city_20081106_00076.jpg,False,Bad
True,False,"['nonmatch', 1765.7766673671863]",city,city_00178.jpg,False,Bad
False,True,"['match', 1768.3917009590516]",beach,beaches_00194.jpg,True,Bad
True,False,"['nonmatch', 1771.390936425244]",forest,forests_20081106_00051.jpg,True,Good
False,True,"['match', 1774.0500105338608]",beach,beaches_20081106_00064.jpg,True,Bad
True,False,"['nonmatch', 1776.8348737029414]",beach,beaches_00201.jpg,True,Bad
True,False,"['match', 1779.863711284728]",forest,forests_00599.jpg,True,Good
True,False,"['nonmatch', 1782.5575521038984]",city,city_20081106_00066.jpg,False,Good
True,False,"['nonmatch', 1785.2098940518756]",beach,beaches_20081106_00015.jpg,True,Good
False,True,"['match', 1787.864492142461]",office,offices_00281.jpg,False,Good
True,False,"['nonmatch', 1790.7255038098072]",forest,forests_00400.jpg,True,Bad
False,True,"['match', 1793.3724955833507]",city,city_00115.jpg,True,Good
False,True,"['match', 1795.9771753837877]",office,offices_00491.jpg,True,Bad
False,True,"['match', 1798.5972829155166]",office,offices_20081106_00001.jpg,False,Bad
False,True,"['match', 1801.184537430076]",city,city_00351.jpg,True,Bad
True,False,"['nonmatch', 1803.9229715001304]",office,offices_00555.jpg,False,Bad
False,True,"['match', 1806.655273519485]",forest,forests_20081106_00018.jpg,True,Good
False,True,"['match', 1809.342905178544]",forest,forests_00194.jpg,False,Good
False,True,"['match', 1812.1080487766246]",city,city_00670.jpg,True,Good
False,True,"['match', 1814.7720467064769]",city,city_00464.jpg,True,Bad
True,False,"['nonmatch', 1817.3334120182187]",mountain,mountains_00230.jpg,False,Good
False,True,"['match', 1820.0400271201054]",office,offices_00649.jpg,False,Bad
False,True,"['match', 1823.0490288570913]",forest,forests_20081106_00088.jpg,True,Good
True,False,"['nonmatch', 1825.7147100877517]",office,offices_00611.jpg,True,Bad
False,True,"['match', 1828.3843117194758]",forest,forests_00486.jpg,True,Bad
False,True,"['match', 1832.013269151958]",forest,forests_00495.jpg,False,Bad
False,True,"['match', 1834.5368247385165]",beach,beaches_00362.jpg,True,Good
False,True,"['match', 1837.182099347377]",beach,beaches_20081106_00053.jpg,False,Good
False,True,"['match', 1839.7046078425017]",city,city_20081106_00029.jpg,False,Bad
False,True,"['match', 1842.281937366919]",highway,highways_00422.jpg,True,Good
False,True,"['match', 1844.9201279047231]",forest,forests_00365.jpg,True,Bad
False,True,"['match', 1847.4045352479834]",highway,highways_00438.jpg,False,Good
False,True,"['match', 1850.0013707846847]",beach,beaches_00316.jpg,True,Good
True,False,"['nonmatch', 1853.4321871764455]",forest,forests_00294.jpg,False,Good
False,True,"['match', 1856.1558559628277]",forest,forests_20081106_00001.jpg,False,Good
False,True,"['match', 1858.7436370518021]",city,city_00590.jpg,True,Bad
False,True,"['match', 1861.2785264293877]",city,city_00518.jpg,True,Bad
False,True,"['match', 1863.8598345773155]",city,city_00281.jpg,False,Good
True,False,"['nonmatch', 1866.6183933808738]",city,city_00159.jpg,True,Bad
True,False,"['nonmatch', 1869.2853673210718]",city,city_00625.jpg,True,Good
False,True,"['match', 1871.948937096246]",beach,beaches_00375.jpg,False,Good
False,True,"['match', 1874.584605164175]",highway,highways_00205.jpg,True,Good
False,True,"['match', 1877.1401136596337]",city,city_00207.jpg,True,Good
False,True,"['match', 1879.6964502716755]",office,offices_00671.jpg,False,Good
False,True,"['match', 1882.3886923727]",forest,forests_00241.jpg,True,Good
True,False,"['nonmatch', 1885.129154641542]",mountain,mountains_00355.jpg,False,Good
False,True,"['match', 1887.8728158420606]",mountain,mountains_00216.jpg,False,Good
True,False,"['nonmatch', 1890.597772245651]",forest,forests_00414.jpg,False,Bad
True,False,"['nonmatch', 1893.4320638213692]",forest,forests_00217.jpg,True,Good
True,False,"['nonmatch', 1896.153599049971]",mountain,mountains_00472.jpg,True,Bad
True,False,"['nonmatch', 1899.1457414981921]",beach,beaches_00508.jpg,False,Bad
False,True,"['match', 1901.8224875507094]",beach,beaches_00432.jpg,False,Bad
False,True,"['match', 1904.4536778064787]",mountain,mountains_00107.jpg,True,Good
False,True,"['match', 1907.1094801192298]",mountain,mountains_00765.jpg,False,Bad
True,False,"['nonmatch', 1909.8367099206694]",office,offices_00603.jpg,False,Bad
True,False,"['match', 1913.4961807571494]",mountain,mountains_00380.jpg,True,Bad
True,False,"['nonmatch', 1916.0962518472602]",city,city_00317.jpg,False,Good
True,False,"['nonmatch', 1918.7409913504916]",mountain,mountains_00394.jpg,True,Bad
True,False,"['nonmatch', 1921.3548952231215]",forest,forests_00410.jpg,False,Bad
False,True,"['match', 1924.0707702513585]",highway,highways_00508.jpg,False,Bad
True,False,"['nonmatch', 1926.719096180168]",city,city_00281.jpg,True,Good
True,False,"['match', 1929.461251100403]",forest,forests_00355.jpg,True,Good
False,True,"['match', 1932.157507057884]",city,city_00349.jpg,True,Good
True,False,"['match', 1934.845637031084]",forest,forests_00365.jpg,False,Bad
True,False,"['nonmatch', 1937.7664870337574]",forest,forests_00463.jpg,True,Bad
False,True,"['match', 1940.3593378822004]",highway,highways_00512.jpg,False,Bad
False,True,"['match', 1942.9396426701064]",forest,forests_00342.jpg,False,Bad
True,False,"['nonmatch', 1945.6697828436713]",forest,forests_00330.jpg,True,Bad
False,True,"['match', 1948.29840114351]",forest,forests_00478.jpg,False,Bad
True,False,"['match', 1951.0666666447232]",office,offices_00493.jpg,True,Bad
True,False,"['match', 1953.7150565499542]",highway,highways_00402.jpg,False,Good
True,False,"['match', 1956.3988524657982]",office,offices_00493.jpg,False,Bad
True,False,"['nonmatch', 1959.1717598197517]",office,offices_00120.jpg,False,Good
True,False,"['nonmatch', 1961.952737499248]",office,offices_00153.jpg,True,Bad
True,False,"['match', 1964.6964414714591]",forest,forests_00557.jpg,False,Bad
True,False,"['match', 1967.3625333278753]",highway,highways_00168.jpg,True,Bad
False,True,"['match', 1969.933094727556]",beach,beaches_00432.jpg,True,Bad
False,True,"['match', 1972.6132301833893]",highway,highways_00159.jpg,False,Bad
True,False,"['nonmatch', 1975.1982855794743]",mountain,mountains_00411.jpg,False,Bad
False,True,"['match', 1977.852236413214]",forest,forests_00445.jpg,False,Bad
False,True,"['match', 1980.5513294652703]",forest,forests_00406.jpg,False,Bad
False,True,"['match', 1983.1445759298122]",city,city_00401.jpg,False,Bad
True,False,"['nonmatch', 1985.7678484992682]",highway,highways_20081106_00093.jpg,True,Good
False,True,"['match', 1988.3457523418233]",office,offices_00626.jpg,False,Good
False,True,"['match', 1990.9663599570933]",forest,forests_00746.jpg,False,Good
True,False,"['nonmatch', 1994.746268885629]",highway,highways_00373.jpg,True,Good
False,True,"['match', 1997.385188935152]",highway,highways_00571.jpg,False,Bad
False,True,"['match', 1999.9639722018753]",beach,beaches_00481.jpg,False,Bad
True,False,"['nonmatch', 2002.5621851764722]",highway,highways_00463.jpg,False,Good
False,True,"['match', 2005.1242919546605]",beach,beaches_00268.jpg,False,Good
True,False,"['nonmatch', 2007.754642827832]",office,offices_20081106_00085.jpg,False,Good
True,False,"['nonmatch', 2010.4966182717692]",beach,beaches_00408.jpg,True,Good
True,False,"['nonmatch', 2013.1594803320925]",beach,beaches_00344.jpg,True,Bad
True,False,"['nonmatch', 2015.792435393679]",office,offices_00594.jpg,False,Bad
True,False,"['nonmatch', 2018.5025606217462]",forest,forests_00420.jpg,False,Bad
True,False,"['nonmatch', 2021.17093397181]",beach,beaches_00439.jpg,True,Bad
False,True,"['match', 2023.8450927783756]",mountain,mountains_00599.jpg,True,Bad
True,False,"['nonmatch', 2026.5851220929378]",beach,beaches_00315.jpg,False,Bad
False,True,"['match', 2029.2555613752866]",highway,highways_00520.jpg,True,Bad
False,True,"['match', 2031.8598417000273]",forest,forests_00591.jpg,True,Good
False,True,"['match', 2034.5021077399133]",forest,forests_00217.jpg,False,Good
True,False,"['nonmatch', 2037.3435636135189]",beach,beaches_00522.jpg,True,Bad
False,True,"['match', 2039.977747335374]",office,offices_00204.jpg,True,Bad
False,True,"['match', 2042.5153429147147]",highway,highways_00508.jpg,True,Bad
True,False,"['nonmatch', 2045.1701245289955]",beach,beaches_00427.jpg,False,Bad
True,False,"['match', 2047.866861176793]",mountain,mountains_00488.jpg,True,Bad
True,False,"['nonmatch', 2050.6519999034267]",mountain,mountains_00773.jpg,False,Bad
False,True,"['match', 2053.2893708531883]",mountain,mountains_00614.jpg,True,Good
True,False,"['nonmatch', 2055.93097713013]",beach,beaches_00465.jpg,True,Bad
True,False,"['nonmatch', 2058.5633391570373]",mountain,mountains_00687.jpg,True,Good
False,True,"['match', 2061.164234010573]",highway,highways_00515.jpg,False,Bad
False,True,"['match', 2063.739104861088]",highway,highways_00159.jpg,True,Bad
True,False,"['nonmatch', 2066.480680197424]",city,city_00305.jpg,True,Good
False,True,"['match', 2069.11828861803]",office,offices_00184.jpg,True,Good
False,True,"['match', 2071.8315417514887]",beach,beaches_20081106_00015.jpg,False,Good
False,True,"['match', 2076.3704225801494]",highway,highways_00411.jpg,False,Good
True,False,"['nonmatch', 2079.1540299113794]",forest,forests_00495.jpg,True,Bad
False,True,"['match', 2081.7842023033945]",forest,forests_00306.jpg,False,Good
False,True,"['match', 2084.4510597261856]",city,city_20081106_00061.jpg,True,Good
False,True,"['match', 2087.0531381628984]",office,offices_00652.jpg,False,Bad
False,True,"['match', 2089.629951952522]",highway,highways_00227.jpg,False,Bad
False,True,"['match', 2092.2498618451214]",beach,beaches_00249.jpg,False,Good
False,True,"['match', 2094.822271412579]",city,city_00379.jpg,False,Bad
True,False,"['match', 2097.5139210931184]",office,offices_20081106_00051.jpg,False,Good
False,True,"['match', 2100.1024794348614]",beach,beaches_00517.jpg,True,Bad
True,False,"['nonmatch', 2103.271829918063]",city,city_00585.jpg,False,Bad
True,False,"['nonmatch', 2105.963463892212]",beach,beaches_00289.jpg,False,Bad
True,False,"['nonmatch', 2108.6669393695656]",highway,highways_00607.jpg,False,Bad
False,True,"['match', 2111.3555544841506]",city,city_00435.jpg,True,Bad
False,True,"['match', 2114.2940995963295]",office,offices_00395.jpg,True,Good
False,True,"['match', 2116.9477252711745]",office,offices_00675.jpg,False,Good
True,False,"['nonmatch', 2119.7267388465984]",highway,highways_00519.jpg,True,Bad
True,False,"['nonmatch', 2122.29223933381]",forest,forests_00599.jpg,False,Good
False,True,"['match', 2125.0419896362287]",forest,forests_00355.jpg,False,Good
True,False,"['nonmatch', 2128.007976865138]",beach,beaches_00481.jpg,True,Bad
False,True,"['nonmatch', 2130.733073043635]",mountain,mountains_00450.jpg,True,Bad
True,False,"['nonmatch', 2133.460967414972]",highway,highways_00437.jpg,False,Bad
False,True,"['match', 2136.007698268361]",mountain,mountains_00351.jpg,True,Good
False,True,"['match', 2138.643539449097]",forest,forests_00306.jpg,True,Good
False,True,"['match', 2141.2852279505037]",office,offices_00621.jpg,True,Good
False,True,"['match', 2143.8530177778744]",beach,beaches_00350.jpg,False,Bad
True,False,"['nonmatch', 2146.5085888930475]",city,city_00437.jpg,False,Bad
True,False,"['nonmatch', 2149.142209559772]",beach,beaches_00398.jpg,False,Good
True,False,"['nonmatch', 2151.7373454349818]",highway,highways_20081106_00100.jpg,False,Good
True,False,"['nonmatch', 2154.352139238239]",city,city_00342.jpg,True,Good
False,True,"['match', 2157.9649555254064]",beach,beaches_00440.jpg,True,Bad
False,True,"['match', 2160.569270887273]",highway,highways_00453.jpg,False,Bad
True,False,"['nonmatch', 2163.395303909388]",office,offices_00548.jpg,False,Bad
False,True,"['match', 2166.07323571314]",highway,highways_00399.jpg,True,Bad
False,True,"['match', 2168.71915561396]",beach,beaches_00506.jpg,True,Bad
True,False,"['nonmatch', 2171.3681338999645]",city,city_00637.jpg,True,Bad
False,True,"['match', 2173.9009060423587]",office,offices_00204.jpg,False,Bad
True,False,"['nonmatch', 2176.644976879507]",city,city_00337.jpg,True,Bad
True,False,"['nonmatch', 2179.28964951613]",city,city_00613.jpg,True,Good
True,False,"['match', 2182.257782157632]",beach,beaches_00117.jpg,False,Good
True,False,"['nonmatch', 2184.8555493236513]",city,city_00428.jpg,False,Bad
True,False,"['nonmatch', 2187.4888382831978]",office,offices_00528.jpg,False,Bad
True,False,"['nonmatch', 2190.1486931706845]",forest,forests_00114.jpg,True,Good
False,True,"['match', 2192.8815156793225]",forest,forests_00334.jpg,False,Good
True,False,"['nonmatch', 2195.4964274231925]",city,city_00168.jpg,False,Bad
True,False,"['nonmatch', 2198.109019245524]",highway,highways_00516.jpg,False,Good
False,True,"['match', 2200.766886259833]",mountain,mountains_00215.jpg,True,Good
False,True,"['match', 2203.56368945979]",office,offices_00664.jpg,True,Good
False,True,"['match', 2206.277662523475]",highway,highways_20081106_00041.jpg,False,Bad
True,False,"['nonmatch', 2208.8531436492076]",mountain,mountains_20081106_00049.jpg,True,Good
False,True,"['match', 2211.9464173371116]",forest,forests_00318.jpg,True,Bad
True,False,"['nonmatch', 2214.6559284607724]",beach,beaches_00149.jpg,False,Good
False,True,"['match', 2217.282936278546]",beach,beaches_00463.jpg,False,Bad
True,False,"['nonmatch', 2220.0224296176493]",city,city_00619.jpg,True,Good
True,False,"['match', 2222.7772474463163]",city,city_20081106_00017.jpg,False,Good
True,False,"['match', 2225.754663595474]",forest,forests_20081106_00012.jpg,False,Good
True,False,"['nonmatch', 2228.4963582411597]",beach,beaches_00319.jpg,False,Good
True,False,"['nonmatch', 2231.204300122304]",office,offices_00600.jpg,True,Good
False,True,"['match', 2233.8797356713694]",forest,forests_00449.jpg,True,Bad
False,True,"['match', 2236.5211025877684]",mountain,mountains_00514.jpg,False,Bad
True,False,"['nonmatch', 2240.212957259719]",office,offices_00473.jpg,True,Good
True,False,"['nonmatch', 2242.8712352409657]",mountain,mountains_00459.jpg,False,Bad
False,True,"['match', 2245.5682481079616]",forest,forests_00114.jpg,False,Good
True,False,"['match', 2248.2060807862217]",forest,forests_00524.jpg,False,Bad
True,False,"['nonmatch', 2250.9298567013307]",mountain,mountains_00387.jpg,False,Bad
False,True,"['match', 2253.576559746904]",highway,highways_00463.jpg,True,Good
False,True,"['match', 2256.2617449527825]",beach,beaches_00248.jpg,True,Good
False,True,"['match', 2258.921240982911]",city,city_00234.jpg,True,Good
True,False,"['match', 2261.6717304908207]",highway,highways_00413.jpg,False,Good
False,True,"['match', 2264.2884714209335]",beach,beaches_00386.jpg,False,Good
False,True,"['match', 2266.9512571688265]",highway,highways_00161.jpg,False,Good
True,False,"['nonmatch', 2269.5337047728685]",beach,beaches_00534.jpg,False,Bad
True,False,"['nonmatch', 2272.192788434908]",office,offices_20081106_00024.jpg,False,Good
False,True,"['match', 2274.779184720338]",office,offices_00304.jpg,False,Good
True,False,"['nonmatch', 2277.7591504217153]",beach,beaches_00161.jpg,True,Good
False,True,"['match', 2280.3391361712793]",city,city_00614.jpg,False,Good
True,False,"['nonmatch', 2282.9740595123208]",highway,highways_00351.jpg,False,Good
True,False,"['nonmatch', 2285.568132705327]",office,offices_00611.jpg,False,Bad
True,False,"['nonmatch', 2288.1681615403636]",office,offices_00607.jpg,True,Good
True,False,"['nonmatch', 2290.781727828534]",office,offices_00512.jpg,True,Bad
False,True,"['match', 2293.393846522018]",office,offices_00331.jpg,False,Bad
False,True,"['match', 2295.9376939823696]",highway,highways_00156.jpg,False,Bad
True,False,"['nonmatch', 2298.648516396773]",highway,highways_00152.jpg,False,Bad
True,False,"['nonmatch', 2301.3095641882815]",beach,beaches_00279.jpg,False,Good
True,False,"['nonmatch', 2303.8662528982068]",highway,highways_20081106_00098.jpg,False,Good
True,False,"['nonmatch', 2306.5287829455915]",beach,beaches_00226.jpg,False,Bad
True,False,"['nonmatch', 2309.192978827685]",office,offices_00656.jpg,True,Good
True,False,"['match', 2312.0869516357343]",beach,beaches_00451.jpg,False,Bad
True,False,"['nonmatch', 2314.8462419987704]",office,offices_20081106_00092.jpg,True,Bad
False,True,"['match', 2317.4460376539664]",forest,forests_00406.jpg,True,Bad
False,True,"['match', 2321.246082050031]",mountain,mountains_00364.jpg,True,Bad
False,True,"['match', 2323.761978122264]",mountain,mountains_00426.jpg,False,Bad
True,False,"['nonmatch', 2326.538846248003]",forest,forests_00746.jpg,True,Good
True,False,"['nonmatch', 2329.193056739425]",highway,highways_00254.jpg,False,Good
False,True,"['match', 2331.8957956177696]",mountain,mountains_00485.jpg,True,Bad
False,True,"['match', 2334.52093055097]",office,offices_00621.jpg,False,Good
True,False,"['nonmatch', 2337.254913467489]",highway,highways_00422.jpg,False,Good
False,True,"['match', 2339.9208143018973]",office,offices_00650.jpg,True,Bad
True,False,"['nonmatch', 2342.5521864773737]",city,city_00313.jpg,True,Good
True,False,"['nonmatch', 2345.2028108038658]",mountain,mountains_00262.jpg,True,Good
False,True,"['match', 2347.8281476391294]",office,offices_00554.jpg,False,Bad
True,False,"['nonmatch', 2350.5321762943854]",office,offices_00124.jpg,True,Good
True,False,"['match', 2353.4923711773276]",office,offices_00308.jpg,True,Bad
True,False,"['nonmatch', 2356.4477599189986]",highway,highways_00155.jpg,True,Good
True,False,"['nonmatch', 2359.399012016882]",beach,beaches_00309.jpg,False,Bad
False,True,"['match', 2362.4130412027907]",mountain,mountains_00730.jpg,False,Bad
False,True,"['match', 2365.2691279986234]",office,offices_00509.jpg,False,Bad
False,True,"['match', 2368.316528740802]",forest,forests_20081106_00019.jpg,False,Good
False,True,"['match', 2371.024099306275]",office,offices_00441.jpg,False,Bad
False,True,"['match', 2373.743273488742]",forest,forests_00230.jpg,False,Bad
True,False,"['nonmatch', 2376.4768842625326]",beach,beaches_00266.jpg,False,Good
False,True,"['match', 2379.153359133378]",beach,beaches_00126.jpg,False,Good
True,False,"['nonmatch', 2382.043167876787]",mountain,mountains_00377.jpg,False,Bad
False,True,"['match', 2384.7252122070213]",office,offices_00629.jpg,False,Good
False,True,"['match', 2387.285677182594]",forest,forests_00460.jpg,False,Bad
False,True,"['match', 2389.8335211786643]",city,city_00396.jpg,True,Bad
False,True,"['match', 2392.447336861997]",highway,highways_00536.jpg,True,Bad
True,False,"['nonmatch', 2395.4120580754143]",highway,highways_00248.jpg,False,Bad
False,True,"['match', 2398.115675553543]",city,city_00599.jpg,True,Good
False,True,"['match', 2401.1880050802997]",mountain,mountains_00734.jpg,True,Bad
True,False,"['nonmatch', 2404.862891527933]",highway,highways_00409.jpg,True,Good
False,True,"['match', 2407.476635430437]",office,offices_20081106_00025.jpg,False,Good
False,True,"['match', 2410.1956466349657]",beach,beaches_00179.jpg,True,Good
True,False,"['nonmatch', 2412.854569975673]",city,city_00231.jpg,False,Good
False,True,"['match', 2415.578377176579]",forest,forests_20081106_00009.jpg,True,Good
True,False,"['nonmatch', 2418.2717996728534]",highway,highways_00156.jpg,True,Bad
False,True,"['match', 2420.6480969497484]",beach,beaches_00193.jpg,False,Good
False,True,"['match', 2423.2610117802938]",city,city_00437.jpg,True,Bad
True,False,"['nonmatch', 2425.7033676579094]",beach,beaches_00447.jpg,False,Bad
False,True,"['match', 2428.4045816667444]",mountain,mountains_20081106_00051.jpg,True,Bad
True,False,"['nonmatch', 2430.828939291037]",city,city_20081106_00097.jpg,True,Bad
False,True,"['match', 2433.252406974677]",office,offices_00649.jpg,True,Bad
True,False,"['nonmatch', 2435.822487510944]",beach,beaches_00246.jpg,False,Bad
False,True,"['match', 2438.3157291641883]",beach,beaches_00256.jpg,False,Good
True,False,"['nonmatch', 2440.889451716936]",highway,highways_00227.jpg,True,Bad
True,False,"['nonmatch', 2443.5310218236013]",forest,forests_20081106_00051.jpg,False,Good
False,True,"['match', 2445.831279648058]",city,city_00133.jpg,False,Bad
True,False,"['nonmatch', 2448.4292678386923]",beach,beaches_20081106_00064.jpg,False,Bad
False,True,"['match', 2450.985421578659]",mountain,mountains_00514.jpg,True,Bad
False,True,"['match', 2453.462018908018]",forest,forests_00554.jpg,False,Bad
False,True,"['match', 2455.9824715385594]",highway,highways_00409.jpg,False,Good
True,False,"['nonmatch', 2458.531487225902]",beach,beaches_00235.jpg,True,Good
False,True,"['match', 2461.132611835765]",highway,highways_00375.jpg,False,Good
False,True,"['match', 2463.6594623005876]",forest,forests_20081106_00100.jpg,True,Good
False,True,"['match', 2466.300927569222]",city,city_00132.jpg,True,Bad
False,True,"['match', 2468.829606964652]",office,offices_00555.jpg,True,Bad
False,True,"['match', 2471.4257567862082]",beach,beaches_00350.jpg,True,Bad
False,True,"['match', 2473.859986258496]",city,city_00135.jpg,False,Bad
True,False,"['nonmatch', 2476.391350823381]",mountain,mountains_00707.jpg,False,Bad
True,False,"['nonmatch', 2478.9467328968035]",mountain,mountains_00324.jpg,True,Good
False,True,"['match', 2482.2138306147954]",highway,highways_00434.jpg,True,Bad
True,False,"['nonmatch', 2484.784325338341]",city,city_00155.jpg,True,Bad
False,True,"['match', 2487.400471476739]",mountain,mountains_00306.jpg,True,Good
True,False,"['nonmatch', 2490.00055950664]",highway,highways_00555.jpg,False,Good
True,False,"['nonmatch', 2492.5077179162186]",highway,highways_20081106_00100.jpg,True,Good
False,True,"['match', 2494.935577265801]",mountain,mountains_00656.jpg,True,Good
True,False,"['nonmatch', 2497.5144562682535]",city,city_20081106_00066.jpg,True,Good
False,True,"['match', 2500.136220872904]",highway,highways_00222.jpg,False,Good
True,False,"['match', 2502.960021478744]",highway,highways_00523.jpg,True,Bad
True,False,"['nonmatch', 2505.358111311127]",highway,highways_00187.jpg,True,Good
True,False,"['nonmatch', 2508.096163519285]",mountain,mountains_00431.jpg,False,Bad
True,False,"['match', 2510.771798699767]",mountain,mountains_00412.jpg,True,Good
False,True,"['match', 2513.186888733651]",beach,beaches_00119.jpg,True,Good
True,False,"['nonmatch', 2515.907074035101]",beach,beaches_00386.jpg,True,Good
True,False,"['nonmatch', 2518.3205479502362]",forest,forests_00253.jpg,True,Good
False,True,"['match', 2520.7783564908073]",city,city_00670.jpg,False,Good
True,False,"['nonmatch', 2523.3577041162357]",city,city_00310.jpg,False,Good
False,True,"['match', 2525.825101761714]",highway,highways_00515.jpg,True,Bad
True,False,"['nonmatch', 2528.532554346141]",forest,forests_20081106_00023.jpg,True,Good
True,False,"['match', 2530.859517184733]",beach,beaches_00279.jpg,True,Good
True,False,"['nonmatch', 2533.604035378976]",highway,highways_00453.jpg,True,Bad
True,False,"['nonmatch', 2536.0522967114894]",beach,beaches_00465.jpg,False,Bad
True,False,"['match', 2538.567262440268]",forest,forests_00587.jpg,False,Good
True,False,"['nonmatch', 2541.340167503525]",forest,forests_00445.jpg,True,Bad
True,False,"['match', 2544.0048224244288]",forest,forests_00689.jpg,True,Good
True,False,"['match', 2546.3957660291926]",highway,highways_20081106_00096.jpg,False,Good
True,False,"['nonmatch', 2548.8841001744336]",office,offices_00603.jpg,True,Bad
True,False,"['nonmatch', 2551.491561353566]",office,offices_20081106_00009.jpg,True,Bad
False,True,"['match', 2553.959263373589]",city,city_00504.jpg,True,Bad
False,True,"['match', 2556.4408607714518]",mountain,mountains_00599.jpg,False,Bad
